drop database if exists snet1509;
create database snet1509;
-- с указанием кодировки
-- create database snet1509 character set utf8mb4;
use snet1509;

DROP TABLE IF EXISTS users;
CREATE TABLE users (
  id bigint(20) unsigned NOT NULL AUTO_INCREMENT,
  name varchar(50) COLLATE utf8_unicode_ci DEFAULT NULL,
  surname varchar(50) COLLATE utf8_unicode_ci DEFAULT NULL,
  email varchar(120) COLLATE utf8_unicode_ci DEFAULT NULL,
  phone bigint(20) DEFAULT NULL,
  gender char(1) COLLATE utf8_unicode_ci DEFAULT NULL,
  birthday date DEFAULT NULL,
  hometown varchar(50) COLLATE utf8_unicode_ci DEFAULT NULL,
  photo_id bigint(20) unsigned DEFAULT NULL,
  pass char(50) COLLATE utf8_unicode_ci DEFAULT NULL,
  created_at datetime DEFAULT current_timestamp(),
  PRIMARY KEY (id),
  UNIQUE KEY email (email),
  KEY phone (phone),
  KEY email_2 (email),
  KEY name (name,surname)
) ENGINE=InnoDB AUTO_INCREMENT=101 DEFAULT CHARSET=utf8 COLLATE=utf8_unicode_ci;

INSERT INTO users VALUES ('1','Thaddeus','Larson','marion.langworth@example.org','79','m','2010-12-17','58003 Jaskolski Canyon\nSouth Bruceport, HI 77051','5','7be69545-ce65-3f28-beb4-8d0775f76a8b','2006-05-12 11:18:41'),
('2','Margie','Kilback','friesen.robin@example.com','369','m','1974-05-04','53129 Trystan Pass Suite 152\nNorth Wilma, AK 04152','89570378','c93893ab-40e8-3718-85e3-c8e53d868ff1','1970-05-16 01:43:23'),
('3','Lorna','Runolfsson','cornelius.kirlin@example.com','0','m','2000-12-23','595 Schumm Dale\nPort Eldridge, MI 27799-7149','6551535','32a29d3b-adad-374e-a46c-e58014291c7f','2018-10-23 17:43:59'),
('4','Karina','Wolff','maymie.kerluke@example.com','491258','m','2020-01-15','20175 Ernser Summit Apt. 034\nPort Penelope, SC 139','89113106','ca3af4e4-4633-35f6-864b-038fbf205cc2','2019-10-05 04:12:27'),
('5','Sunny','Marquardt','thurman14@example.org','867','m','1970-05-04','4873 Delilah Ridges\nGorczanybury, MN 24835','4841','b8d508a9-1377-3796-a6fa-fc7f5c7995e2','2008-03-13 21:24:36'),
('6','Louvenia','Gerlach','bobby.heaney@example.net','1','m','1993-01-23','628 Gideon Bypass\nEliasbury, MN 17565','936916','543ace79-0ac1-3866-8330-faefaf84a9d4','1995-02-19 10:59:12'),
('7','Sophie','Predovic','bud35@example.com','40','m','1970-02-02','6516 Bradtke Mall\nCarmelotown, AK 56329','8213867','f0f546ac-86d0-3458-9688-5a5a948093d2','1990-03-26 04:57:32'),
('8','Efren','Ebert','jonathan.rogahn@example.net','1','m','1974-09-18','390 Lehner Isle Apt. 699\nElwynburgh, LA 75290-1896','7','c3555867-0632-3228-a70a-abfdac6964d2','1999-01-29 21:12:41'),
('9','Miller','Bergstrom','candida.macejkovic@example.org','992234','m','2003-06-02','788 Kuhn Parks\nAdelaview, RI 69006','0','bd378357-ca87-3641-bf89-6fc9704fc6a5','2014-04-24 04:46:43'),
('10','Xzavier','Beer','dibbert.lilla@example.net','1','m','1994-05-30','03281 DuBuque Landing Suite 486\nPort Cliftonshire,','57252448','a281078e-4f89-3ff0-8108-9645eb6f4a9a','2001-04-12 20:39:50'),
('11','Rubye','Fahey','mueller.laura@example.org','285','m','1991-08-14','83923 Koelpin Brook Apt. 570\nSpinkatown, PA 60297','490','9644c6d9-967b-38df-92c4-d0c4a1632ad9','1986-03-21 22:09:34'),
('12','Kaylin','Hegmann','reinhold.rowe@example.org','1529377466','m','2006-04-12','96659 Gusikowski Camp Suite 588\nNorth Fannie, OR 7','7594','e116984e-212e-3bd7-8d2a-9e618ba20d6f','1971-10-21 12:05:32'),
('13','Bettie','Hane','rlegros@example.net','846379','m','2019-01-01','404 Stanton Club\nNew Delta, MS 10234','29635023','76bf9a55-ddf7-35ee-9c37-8c894cc42eae','2000-02-06 03:44:25'),
('14','Shirley','Pfannerstill','bell.bosco@example.com','0','m','1996-08-09','0578 Dorothy Meadow\nLake Kattieton, ME 70870-4515','231794','3be7ad2f-124f-3041-a261-c0e75d8a0e6b','1976-12-11 07:05:38'),
('15','Gregg','Langworth','bhaag@example.net','7659948993','m','1997-04-10','058 Hand Crossroad Apt. 246\nNew Ryleighburgh, WV 8','34815','6db4c057-7e91-3de8-89dd-a5c74b33a99a','2013-01-16 21:16:29'),
('16','Consuelo','Stamm','brady.skiles@example.com','559362154','m','1995-03-05','3960 Boyer Heights\nAutumnhaven, TN 40966-8331','8210142','9b46249c-2d0b-3f46-9d72-584630f79146','1985-05-15 20:19:41'),
('17','Clint','Bayer','ohermann@example.net','1','m','1972-01-02','36849 Kaden Isle Suite 092\nEast Sonya, CO 30583','73176865','f5e65972-4710-318a-a623-f0d1184bd3f7','1975-06-24 21:49:12'),
('18','Lisandro','Wisozk','feil.idella@example.com','0','m','2019-01-13','8304 Kilback Skyway Apt. 050\nKesslerberg, MI 60924','816861466','b803d89b-9000-3405-ae57-02740d7139bf','1996-01-29 09:37:51'),
('19','Rebecca','Zulauf','ruecker.kaela@example.com','118725','m','1982-02-12','7890 Beier Mills Suite 894\nMacejkovicland, SC 8329','9800471','44fed45c-39a2-3b77-aa54-8a6896ff73b1','1984-09-29 19:46:01'),
('20','Harley','Boyle','savion61@example.com','1','m','1988-01-14','8000 Vance Estates Suite 427\nCandacestad, OH 24849','528','1cf16930-9e9b-39d9-be5f-3a8aaeaf691b','2018-11-01 19:45:06'),
('21','Winifred','Dietrich','homenick.dina@example.net','780535','m','2008-01-25','115 Russell Manors Suite 817\nWest Ryann, NH 93419','60745566','a16fc6ea-9577-3b32-82fd-d86f1af2a52c','2001-09-27 15:13:28'),
('22','Deron','Flatley','gcormier@example.net','0','m','2008-05-17','9749 Wilderman Ramp Suite 415\nNorth Issac, VA 3310','855075610','f62c5e4f-18c0-3025-9170-2d0159e33506','2018-09-13 01:42:48'),
('23','Jett','Schiller','lowe.rhiannon@example.com','374251','m','1988-02-26','043 Koch Green\nMontyberg, TX 40285','12549275','ca5d1398-c117-396c-836a-bd9e559d10cc','2015-03-04 15:49:16'),
('24','Bud','Mosciski','paolo98@example.org','1','m','1977-12-01','284 Joe Walks\nLeonieland, TX 67259','2096401','38a5b2af-e93a-3072-86bb-ab64cbed56a2','2006-04-25 14:51:06'),
('25','John','Schaden','kiel.romaguera@example.com','596915','m','1971-07-15','8743 Alysson Well\nEast Mustafa, NC 00523-3104','5559303','25307b2c-c8b2-359d-a75f-d43b45e0ebe3','1995-01-19 01:33:26'),
('26','Nathanael','Romaguera','gleffler@example.com','8332065398','m','2007-06-17','89305 Chyna Walk\nRobertsborough, MD 74599','22','f5127d8c-4c45-3519-bfe5-a60a32790ef8','1977-02-24 13:28:23'),
('27','Gudrun','Nader','mikayla71@example.org','1','m','2019-05-20','5459 Marshall Harbors\nEast Leathashire, ID 30615','9303889','3e47e0eb-761b-345e-a45c-c622a1bcf4ea','1977-10-29 23:21:01'),
('28','Sigmund','Nikolaus','kub.daphney@example.net','1','m','1996-07-10','903 Clementine Well Apt. 165\nWest Adeliaport, CA 7','499','200e692f-b6c1-35c3-897f-986c3f0e5b2f','1971-12-13 03:13:35'),
('29','Alexandria','Bartoletti','thiel.nina@example.net','0','m','1999-05-24','536 Emma Rue Apt. 745\nWest Shakira, KY 98723-0060','19920157','7da063a7-7970-3aa4-95b0-65c28180df62','1976-07-10 15:22:52'),
('30','Paolo','Boyle','sheldon17@example.net','0','m','1998-01-29','688 Abernathy Stream Suite 695\nLauryburgh, AL 7128','31','6d043caa-b2c3-32eb-bb47-b47d2f839178','2017-12-08 13:16:55'),
('31','Natasha','Schulist','zmaggio@example.com','729','m','2018-01-20','36186 Lizeth Pike Apt. 975\nNorth Kiarra, WV 79525-','81368417','b2ae08ee-aaf8-3bb8-ab4c-8704fce2c5fc','1973-11-08 12:13:12'),
('32','Lauren','Stehr','jacquelyn.schmitt@example.net','763633','m','1989-12-23','42505 Bednar Villages Apt. 712\nWest Fabiolaland, K','3','f288b174-8029-3e04-8e29-21bba94a94e6','2008-05-16 23:48:42'),
('33','Delphine','Franecki','streich.annetta@example.net','0','m','1994-07-31','51605 Isabella Prairie Apt. 290\nSouth Helga, WV 92','14','1c57c313-227a-3ef2-9d0a-6c4b3a620ccc','2019-01-13 00:23:32'),
('34','Dillan','Kutch','jamil84@example.org','0','m','2014-06-19','2592 Ernest Ferry\nEast Kenton, MA 78066-4808','21904','828dcfa2-0fe4-30c5-bc89-e2a9feb0c0b0','2007-02-05 20:58:10'),
('35','Quincy','Reilly','robb58@example.org','0','m','1976-03-18','427 Frankie Viaduct Apt. 333\nEast Lanceberg, NM 65','983124015','29fae4ed-c88a-39dc-8963-85745774bdbc','1997-09-16 00:53:48'),
('36','Sasha','Lubowitz','so\'keefe@example.net','767626','m','1999-08-29','24205 Blaise Shoals\nLake Ofeliaton, MD 13376-5879','6848788','9dec3b21-a8aa-3364-87a9-d0f3cc49a48a','1993-05-17 16:19:17'),
('37','Wilma','Hartmann','hmurphy@example.net','1','m','2020-07-19','7354 White Walk Apt. 290\nLake Jaquan, OH 22930','900654174','02819eca-f918-31ab-b648-fa804416a5eb','2016-10-31 13:00:03'),
('38','Leilani','Stark','randal.cole@example.net','53','m','1995-03-09','36461 Schimmel Plains Suite 766\nWavaborough, HI 81','724','a09a41ae-22ee-3ddc-a933-38cf6eba2694','1989-03-25 12:55:52'),
('39','Kennedy','Heathcote','octavia.lemke@example.net','0','m','2017-11-18','3106 Heathcote Stream Suite 668\nBraedenfurt, MA 97','2','17db62e8-7efa-3ad9-b8cf-d1e8f8f08dd9','2005-04-20 13:00:09'),
('40','Nicole','Gerhold','ycrooks@example.net','676','m','1983-04-12','867 Marvin Summit\nEast Kenna, VA 44183-2457','1554','5e74f67f-7f0b-3d47-907c-ad3d25776896','1988-05-18 00:53:14'),
('41','Pansy','Gottlieb','brittany.kunde@example.com','560906','m','2017-10-29','5370 Jerel Lane\nLake Nelle, ME 40798','91','e45bd5a2-853a-3337-8653-352417f7bfbe','1987-12-19 22:01:44'),
('42','Leif','Pouros','tcormier@example.net','0','m','1991-06-23','04495 Strosin Extensions\nLake Lukaschester, IL 475','500','2fecd3a0-46b7-3cfb-bc78-05210b1199f3','2007-09-16 09:42:46'),
('43','Nasir','Johnston','fcartwright@example.com','0','m','2012-07-29','38586 Jake View\nEast Lonberg, OK 72885-2126','65374','939dfba4-4a8a-3f15-b3f7-4f894ea11dda','1988-02-03 02:12:53'),
('44','Bret','Schmeler','qcasper@example.net','985','m','2002-03-17','01066 Amely Haven\nMullerland, WV 68868','516','95f87f0e-4c42-3043-adf6-d7eb2782eae2','2003-03-05 11:30:16'),
('45','Eloise','Stoltenberg','thessel@example.com','0','m','2009-02-11','845 Parisian Unions Suite 997\nLehnerstad, SD 54806','34217685','1a46cefd-cd58-30df-bc15-c25cc89a60ac','2006-07-20 08:49:23'),
('46','Demarco','Witting','waters.bud@example.org','0','m','2004-01-01','1227 Hillard Glens Apt. 277\nAlenestad, DE 74977-87','70538','c3c0ad3b-3d93-3368-b3a5-97afd2d7b32a','1981-12-09 11:29:17'),
('47','Brenden','McClure','emelia56@example.net','0','m','1978-11-18','63737 Hosea Landing Suite 771\nUptonland, WV 07950','375204','241536fe-a0e7-327d-9eab-cad9a3ae217e','2010-11-06 13:47:28'),
('48','Delaney','Kris','rkub@example.com','0','m','1998-09-09','83820 Wendell Loaf\nEast Caseymouth, NH 43117-7280','8532006','6d937f83-eccf-3aae-958d-8687c5ca5db4','2004-12-14 20:57:13'),
('49','Porter','Hand','zcummerata@example.net','0','m','1998-03-15','6212 Loyal Mission\nAudiebury, OR 04238','77700708','b551d077-9613-3c3a-824f-e55d81b372b4','1995-05-27 16:20:42'),
('50','Chet','Roob','samantha.becker@example.net','413','m','2008-08-27','96891 Jaylan Isle Suite 541\nNorth Maeve, WV 76683','1775','8c22a35b-8985-3299-88fe-780c4ce4bf80','2010-09-29 05:57:06'),
('51','Liliane','Harvey','becker.ernestina@example.org','0','m','1990-12-31','0713 Kennedy Rapids\nLake Aidafurt, CO 53102-9766','49099636','43c30988-c5c7-30ac-b376-c2cfcc249751','1999-08-22 13:44:41'),
('52','Marcos','Nitzsche','charley.ledner@example.net','1','m','1983-02-07','8215 Nikolaus Landing Apt. 552\nLake Mayraberg, ME ','6653297','502a8b0a-fac8-36e9-817a-554d8cb252d3','1971-03-23 04:44:46'),
('53','Talon','Bailey','schaefer.fletcher@example.org','0','m','2012-03-16','49765 Garth Lock\nBoyleborough, MA 56564','8379920','2f9d0d3f-86b0-3d41-b1bd-b99f79bd1f67','1975-08-23 06:07:00'),
('54','Houston','Jerde','nikolaus.guiseppe@example.org','52','m','2000-12-12','349 Wilton Loaf\nKattiemouth, KY 21729-0853','4','0e006285-0d2d-3013-9d4c-7ec8ee47fbb9','1975-03-15 01:49:22'),
('55','Emmie','Jerde','olen.goldner@example.org','17','m','1993-07-26','583 Connelly Centers Suite 504\nErnserland, MN 0060','8902851','8aa3dfba-48d7-31cd-bb8a-3273f71a238a','1976-04-11 21:25:04'),
('56','Destiny','Gibson','nsmitham@example.org','0','m','1995-04-05','0764 Harvey Port\nNew Creola, MN 80460-8291','150','e65d6f61-b408-3f87-afce-d219c3231a39','2016-08-25 07:35:33'),
('57','Ebony','Langworth','deckow.laney@example.com','0','m','1976-09-02','200 Norwood Field Apt. 307\nBrooklynfort, LA 54883-','64577715','fcbf5168-0a19-35c3-b406-a398706cff21','1981-08-13 02:48:07'),
('58','Ephraim','O\'Keefe','cummings.charlotte@example.com','2495309509','m','1977-10-08','1490 Schinner Club\nNorth Lavonneside, KY 15254','840259194','790e79b8-cf3a-3118-afe9-7e45ad56cafa','2013-07-07 20:23:57'),
('59','Jazmyne','Rosenbaum','ebailey@example.org','1','m','2000-05-07','973 Elna Route Suite 907\nEast Shyanne, AL 54660','2224','1b98656c-1e67-3a63-ba6d-335ab67813ca','1985-03-29 02:34:52'),
('60','Savion','Hilll','cschiller@example.com','339','m','1992-09-08','494 Franecki Freeway\nNorth Javon, IA 16287','819210','1518ebc0-2a00-3dfa-8ce5-15626021126d','2013-07-18 10:04:29'),
('61','Kavon','Marks','kshlerin.rosina@example.net','174743','m','2015-09-30','312 Yundt Crossing Apt. 790\nWest Vivian, MI 31354','8029977','49b4ca36-670e-3d35-b81c-8f3aef8d77ba','2016-05-15 06:01:43'),
('62','Emma','Kemmer','sipes.eleanore@example.net','0','m','1977-09-27','4202 Angie Court\nTrentonmouth, OK 83672','85','bf8b7ce6-242e-30c1-8243-73cea0cd73f3','2019-07-08 15:42:29'),
('63','Lia','Dach','zbosco@example.com','1406735384','m','1993-02-19','3637 Nicolas Tunnel\nEdmondton, AK 27381','81','1836a970-daae-3a39-bb22-de0b147f33f2','2006-11-15 06:38:43'),
('64','Esperanza','Kulas','qpollich@example.com','88','m','1970-12-27','67548 Schiller Prairie\nCamyllechester, ID 06468-02','836785','b14d32df-7737-3568-984f-79d7666d1e98','2004-12-06 01:45:00'),
('65','Otha','Witting','pcasper@example.com','1','m','2014-08-03','5770 Ullrich Ranch Suite 664\nAnaisland, SD 14409','1','b3f32047-a31d-3eae-8336-de05f45a1695','2012-03-23 09:40:47'),
('66','Coty','Schowalter','jazmin.dach@example.org','1','m','2013-11-17','82568 Moen Bypass Apt. 729\nNew Nikkiland, AR 54102','8','d33a7a57-5d39-35d3-b946-593cebf3e90e','1996-07-08 05:31:09'),
('67','Olga','Jacobi','stoltenberg.henderson@example.net','153','m','2005-09-21','20537 Jean Lodge\nWest Izabellabury, AR 39350-9435','865294890','95509ba0-c862-3374-96fd-5eddde2f0dd5','2018-05-04 22:05:24'),
('68','Damaris','Reichel','jarret10@example.net','1','m','1993-01-06','35070 Adrianna Views Suite 612\nRosenbaummouth, NH ','90610','498c4d09-7500-32a5-9757-a456fa245310','2013-09-21 17:25:16'),
('69','Antonio','Kessler','dlebsack@example.net','0','m','1985-08-29','1964 Howell Road\nSouth Aimee, ND 90869-2493','3959940','01639d29-26f3-3c42-933e-7e2e20771433','1996-12-01 17:25:37'),
('70','Osvaldo','Towne','tre.purdy@example.com','407','m','1980-05-19','407 Schimmel Mountains Suite 576\nMyaton, WI 92149','35810','6e30d0e3-fd36-3ec2-a13f-f9f75c639867','2001-06-29 09:00:51'),
('71','Mateo','Rowe','stephany64@example.com','0','m','1975-10-18','78528 Shaniya Expressway\nSantatown, VA 54753-7936','6559356','97aa40d8-88db-31fc-8ef2-33dec5c98235','1991-10-11 14:55:57'),
('72','Norris','Miller','dbeatty@example.com','0','m','2014-05-27','51575 Finn Viaduct\nBartolettimouth, NH 47782','897331','448887df-b49d-34f4-a04d-4fd5212e2e76','2012-08-15 23:16:34'),
('73','Tatum','Deckow','leila61@example.org','1','m','2016-09-30','2445 Friesen Viaduct Apt. 179\nLednerville, DE 6533','6428','dcd914fd-609e-360e-bd0c-c4e2729806b0','1999-10-19 18:30:50'),
('74','Maxine','Rodriguez','mathias65@example.net','508','m','1996-01-21','806 Stiedemann Ford\nPort Keonstad, WV 28057','720079','9b002787-2fd4-3417-a16c-820b683b9749','1974-01-21 00:34:38'),
('75','Kianna','Kuvalis','bwalsh@example.org','574908','m','2020-09-07','863 Osinski Meadow\nVonport, MA 23397-7843','236375','38c7db47-22e7-3454-a729-41b80ee6a5d9','2002-07-24 00:17:26'),
('76','Isadore','Satterfield','wdoyle@example.net','1','m','1982-07-09','802 Cecelia Stravenue\nPort Rasheedfurt, NV 31263','325308','9dc1ecae-2333-3533-b518-c3ce873e9a3d','2014-05-23 22:03:31'),
('77','Christop','Jast','leatha38@example.com','926','m','1998-01-31','871 Jovan Common Apt. 516\nSouth Andy, UT 40302-619','49883','b876dd30-0e91-385c-b8cc-49d656faacfb','1995-04-27 15:02:01'),
('78','Jalyn','Padberg','thea.white@example.com','97','m','1990-05-19','8963 Nellie Ferry Suite 499\nDantehaven, MD 85665-9','3288411','e9b2e44c-1b11-3d32-a014-c5353adeab4d','1974-11-18 14:26:28'),
('79','Roman','Marvin','tyundt@example.net','81','m','2015-06-23','0195 Francisca Circles\nNew Evelyn, ME 92281','39341969','54ec68a7-9375-3292-8294-361c40ca9022','1992-06-05 11:01:59'),
('80','Cortez','Zieme','nstanton@example.com','238','m','1978-02-03','00972 Estelle Ford Apt. 916\nChristiansenfort, CT 7','85066355','0e6318e3-971e-3422-b178-67254a8acbc9','1972-04-20 06:24:21'),
('81','Camilla','Smitham','daniella.simonis@example.net','1','m','1983-05-10','1524 Armstrong Meadow Suite 345\nEast Delfina, WA 6','435528','70200760-732a-3d19-b8a2-2ff9c3282a41','2015-03-10 08:57:14'),
('82','Annetta','Runolfsson','alana.schroeder@example.net','565063','m','1998-01-14','8142 Eleazar Spurs Suite 442\nNorth Fidelborough, U','68102','f1fc2d28-b672-3378-8e9f-24520403e6c4','1994-08-17 08:01:01'),
('83','Geovany','Schaden','sim97@example.org','26','m','1994-11-11','13308 Hartmann Summit Apt. 184\nJanyfort, NV 32146-','133291026','2da513a0-61c4-36d9-9f86-a51a9a54d5e3','1992-06-05 22:08:44'),
('84','Darrick','Grant','loyce.breitenberg@example.org','0','m','2013-01-04','2151 Torrey Tunnel Suite 142\nSouth Dimitri, ND 505','48','ca9afe96-1179-37eb-8e85-72447d092a71','1997-11-01 02:43:00'),
('85','Madonna','Watsica','bharris@example.org','295514','m','2015-10-08','35432 Mitchell Burg\nThelmafort, KS 60582-7700','30969603','d800a745-012d-3246-b612-e0d03e04f905','1993-10-16 04:03:15'),
('86','Abner','Johnson','qlang@example.net','0','m','1995-12-23','98940 Littel Streets Apt. 996\nDarwinstad, DE 41276','1847','1001a668-f9b9-3842-9c87-5ffea56aed64','1972-02-09 19:03:01'),
('87','Darrion','DuBuque','horace55@example.com','916','m','1977-02-09','0070 Halvorson Station Apt. 840\nHarleyberg, NV 112','44091','e3fc71b2-c362-3b99-8764-a5eef4f6dffd','1995-01-28 02:00:29'),
('88','May','Buckridge','skiles.amari@example.com','0','m','1993-10-07','0728 Boehm Wall\nEast Palmaville, VA 13822-2248','3451','8bb272c6-d886-39f8-a272-624b8722889d','1986-05-30 05:42:13'),
('89','Brice','Lemke','aschumm@example.net','0','m','2014-11-25','2055 Ofelia Mountains Suite 366\nNew Janis, ID 6360','8217','8d50cf38-b064-3e06-8952-a2548f976c67','1994-04-25 11:40:18'),
('90','Jordan','Lubowitz','dietrich.mauricio@example.org','0','m','2015-02-02','46645 Hintz Turnpike\nDulceville, IA 65886-2899','8457933','02489103-f3d2-3232-92a9-e7478fec8757','2004-07-01 01:53:41'),
('91','Jaylen','Nolan','vivianne.jacobs@example.org','987256','m','1977-11-04','059 Wyman Loop Apt. 929\nRennerfort, OH 87681-3833','137','c00a389d-e496-3fe4-95ff-c92119bf610a','1971-06-02 18:49:12'),
('92','Tina','Ruecker','zklocko@example.org','1125839020','m','1985-07-18','4745 Tromp Mountain\nIsabelton, GA 70094-5951','894','e0fc6944-0f2f-30da-8b85-f73a0e479667','2008-05-28 16:36:48'),
('93','Kolby','Huel','skrajcik@example.org','52','m','2007-01-14','4241 Wyman Grove\nDibbertstad, ND 01132','12624','1bd51ea4-5f1c-3ff3-9bf7-1265ade96903','2007-07-03 00:49:34'),
('94','Gideon','Veum','braulio.watsica@example.net','2306212820','m','1982-09-29','7491 Angelo Turnpike\nSanfordfort, OR 28639-9240','8739','582526d5-d2c2-316e-b95f-0abd6e99a576','1976-06-27 17:12:18'),
('95','Julie','McGlynn','schmidt.jasmin@example.net','0','m','1979-10-14','643 Kaden Squares Apt. 142\nAriannachester, ND 9846','23','9536cbe6-81f8-373b-b87f-b077cc609c00','1975-05-18 23:28:25'),
('96','Carmela','Frami','gerard.price@example.com','0','m','1977-03-31','287 Nader Ferry Apt. 917\nPort Maegan, OR 94727-325','857602463','a4bfbb8f-dad0-3767-80fb-5e99c7ce4859','1970-06-16 17:44:30'),
('97','Vena','Lowe','watsica.piper@example.org','2890105925','m','1970-02-01','095 Urban Summit\nHeidichester, MN 90756-1189','246054','b8cac4b0-22df-33e8-b922-a8cd50ceac1e','1990-02-16 04:07:43'),
('98','Rose','Kulas','saige.rowe@example.com','667402','m','1982-05-06','856 Eduardo Knolls Suite 341\nNorth Reyna, NC 90361','85006','5697fbeb-899d-3741-a59a-2078b9a24474','2006-05-28 21:03:57'),
('99','Giovani','Grady','erussel@example.net','887752','m','2006-01-06','110 Chase Tunnel\nNew Brandynfurt, OK 93233-7750','1667162','d2c9e391-f84d-30e0-a084-301f9b33ea83','1986-05-03 04:39:00'),
('100','Oran','Kreiger','cyrus.hegmann@example.net','629121','m','1999-09-06','09601 Lindgren Mount Suite 642\nEast Tyrellborough,','29813','f8e39738-97db-3df2-9fba-b3931304ef0a','1972-08-17 18:48:29'); 

DROP TABLE IF EXISTS messages;
CREATE TABLE messages (
  id bigint(20) unsigned NOT NULL AUTO_INCREMENT,
  from_user_id bigint(20) unsigned NOT NULL,
  to_user_id bigint(20) unsigned NOT NULL,
  body text COLLATE utf8_unicode_ci DEFAULT NULL,
  is_read tinyint(1) DEFAULT 0,
  created_at datetime DEFAULT current_timestamp(),
  PRIMARY KEY (id),
  KEY from_user_id (from_user_id),
  KEY to_user_id (to_user_id),
  CONSTRAINT messages_ibfk_1 FOREIGN KEY (from_user_id) REFERENCES users (id),
  CONSTRAINT messages_ibfk_2 FOREIGN KEY (to_user_id) REFERENCES users (id)
) ENGINE=InnoDB AUTO_INCREMENT=31 DEFAULT CHARSET=utf8 COLLATE=utf8_unicode_ci;

INSERT INTO messages VALUES ('1','13','90','vitae','1','2004-08-11 02:22:33'),
('2','9','16','fuga','1','1984-06-29 14:11:30'),
('3','60','73','qui','0','1983-11-27 02:50:39'),
('4','70','94','modi','0','2007-08-19 00:40:57'),
('5','33','79','est','0','2014-04-21 10:46:04'),
('6','4','32','inventore','1','1971-04-19 14:43:46'),
('7','11','22','quae','1','1974-03-03 16:23:41'),
('8','7','61','ut','0','1993-12-29 09:32:07'),
('9','55','32','veritatis','0','1977-09-05 11:27:06'),
('10','50','11','ut','0','1980-10-31 00:41:47'),
('11','54','70','enim','1','1989-04-03 02:40:58'),
('12','67','10','vero','0','2011-04-07 13:49:13'),
('13','39','2','tempora','1','1998-09-01 01:39:32'),
('14','64','21','iusto','1','1987-03-11 14:05:01'),
('15','3','53','voluptas','1','1985-07-12 14:16:54'),
('16','96','15','et','1','2018-05-09 22:04:43'),
('17','43','4','eum','0','1999-11-26 02:05:37'),
('18','30','2','quasi','0','1978-02-07 06:52:06'),
('19','77','100','ut','1','1995-01-29 20:11:58'),
('20','95','10','numquam','1','1987-06-17 22:17:22'),
('21','78','99','aspernatur','1','2016-06-19 17:46:01'),
('22','41','89','ad','0','1992-02-26 08:51:03'),
('23','20','48','aliquid','1','1970-05-07 09:18:06'),
('24','49','75','excepturi','1','1976-10-02 10:24:14'),
('25','80','99','corrupti','1','1975-08-05 04:33:26'),
('26','86','34','maxime','1','1995-11-29 23:57:33'),
('27','68','52','consequatur','0','1987-08-25 08:27:13'),
('28','43','6','aut','0','1980-09-06 03:08:41'),
('29','54','6','dicta','0','1978-02-19 01:49:50'),
('30','27','56','omnis','1','2005-04-28 01:26:14'); 

DROP TABLE IF EXISTS friend_requests;
CREATE TABLE friend_requests (
  initiator_user_id bigint(20) unsigned NOT NULL,
  target_user_id bigint(20) unsigned NOT NULL,
  status enum('requested','approved','unfriended','declined') COLLATE utf8_unicode_ci DEFAULT 'requested',
  requested_at datetime DEFAULT current_timestamp(),
  confirmed_at datetime DEFAULT current_timestamp() ON UPDATE current_timestamp(),
  PRIMARY KEY (initiator_user_id,target_user_id),
  KEY target_user_id (target_user_id),
  KEY initiator_user_id (initiator_user_id),
  CONSTRAINT friend_requests_ibfk_1 FOREIGN KEY (initiator_user_id) REFERENCES users (id),
  CONSTRAINT friend_requests_ibfk_2 FOREIGN KEY (target_user_id) REFERENCES users (id)
) ENGINE=InnoDB DEFAULT CHARSET=utf8 COLLATE=utf8_unicode_ci;

INSERT INTO friend_requests VALUES ('4','19','approved','1994-07-06 10:41:52','2015-07-29 08:17:05'),
('10','56','approved','1988-01-22 04:19:25','2004-01-29 23:04:47'),
('11','88','unfriended','1987-06-22 05:52:43','1999-08-07 06:34:27'),
('21','4','unfriended','1979-06-27 16:32:43','1985-09-03 21:53:41'),
('34','18','requested','1982-08-10 01:09:32','1993-02-05 20:59:52'),
('41','94','unfriended','1971-10-28 21:25:41','1977-10-16 23:40:45'),
('56','29','unfriended','1988-02-05 11:29:13','1997-06-09 22:27:51'),
('59','16','approved','2007-06-20 19:51:34','1978-01-07 07:56:48'),
('61','20','unfriended','2019-08-09 01:42:59','1972-07-16 17:35:29'),
('69','91','unfriended','2002-06-12 15:57:42','2009-12-19 23:34:18'),
('70','67','declined','1986-09-15 13:33:10','1985-04-15 21:41:29'),
('70','94','declined','1996-08-20 14:41:27','1973-06-21 14:12:43'),
('71','69','requested','1994-06-01 20:10:35','1984-12-25 06:22:09'),
('78','25','declined','1978-10-10 05:34:48','1984-04-12 19:22:42'),
('79','24','unfriended','1994-01-30 12:44:10','2006-09-14 14:43:51'),
('85','10','approved','1994-07-27 03:56:23','2015-07-28 21:44:53'),
('86','39','approved','1982-12-03 14:55:29','1978-04-26 15:47:48'),
('90','68','declined','2013-11-22 10:58:38','1982-01-10 06:36:30'),
('100','62','unfriended','2010-10-19 02:10:42','1977-11-30 09:04:46'); 

DROP TABLE IF EXISTS communities;
CREATE TABLE communities (
  id bigint(20) unsigned NOT NULL AUTO_INCREMENT,
  name varchar(150) COLLATE utf8_unicode_ci DEFAULT NULL,
  PRIMARY KEY (id),
  KEY communities_name_idx (name)
) ENGINE=InnoDB AUTO_INCREMENT=101 DEFAULT CHARSET=utf8 COLLATE=utf8_unicode_ci;

INSERT INTO communities VALUES ('77','A laboriosam velit necessitatibus culpa. Praesentium nulla dolor sequi et est quaerat aut. Incidunt voluptatem totam ut aspernatur perspiciatis.'),
('43','Ab et fuga id eum reiciendis. Nam temporibus odit aut assumenda voluptatibus voluptatibus aspernatur ab. Est ad officia minima. Fugit vitae facilis si'),
('12','Accusamus iusto aspernatur error. Quidem quam nihil aut. Magnam voluptatem aut consequuntur ut laboriosam dolorem temporibus.'),
('75','Aliquid autem quod earum placeat. Tenetur ab enim ad consequatur quasi. Iste id reiciendis error quod nihil ut ut.'),
('40','Animi officia dicta molestiae est provident aut est. Perferendis fuga perferendis dolores in est odio. Incidunt veniam nemo aut cum nam ipsam nisi.'),
('19','Aperiam ipsa sequi quibusdam neque. Quaerat sed in laudantium veritatis. Id est officia praesentium incidunt non exercitationem.'),
('10','Aperiam modi sed odit. Aut nesciunt iste at atque libero non ad. Placeat porro quia quis iusto aliquam. Excepturi qui amet qui similique cupiditate.'),
('18','Architecto et quia et dicta nulla. Architecto esse est dolore amet accusantium in. Dolor id quia consequatur et adipisci. Illo architecto ut aliquid n'),
('17','Beatae placeat voluptatibus laboriosam enim. Quasi impedit non architecto rerum ut dolorem ut. Magni libero aliquam voluptas veritatis ipsam.'),
('4','Blanditiis adipisci architecto inventore velit quo. Molestiae qui deserunt eveniet dolorum ut corrupti. Saepe et aspernatur totam est. Iusto odit qui '),
('58','Consequatur autem iste doloremque voluptas dolorem consequatur. Sed ea corporis impedit sequi doloribus.'),
('20','Consequuntur consectetur voluptatem facere quidem et molestias. Et et quis sed qui dicta. Inventore ullam animi sint fugit.'),
('14','Corrupti impedit ut recusandae neque possimus. Natus sed totam vitae laudantium et sed ea. Molestiae a ea dolorum aperiam. Sit est et dolore.'),
('52','Cum consequatur similique dolore suscipit praesentium et. Repellendus dolores laboriosam earum ut dolores molestias. Minus et nemo animi impedit.'),
('28','Cum exercitationem quidem exercitationem doloremque. Unde ullam et et et sed.'),
('85','Deleniti facilis est et a doloribus totam ad. Nam et qui hic ab et nesciunt doloribus. Modi delectus est ut mollitia vel.'),
('9','Dignissimos et tempore necessitatibus ratione. Perspiciatis velit veritatis in officiis aliquam dolor molestias. Optio esse omnis excepturi quas ut.'),
('63','Dolor id excepturi qui laudantium. Unde pariatur praesentium ut in eius rerum quasi. Et omnis vel aut. Quod et nobis qui libero.'),
('15','Dolorem aperiam sequi aut maiores doloremque dolores iure fugit. Et a laudantium voluptatem. Hic et ex quisquam tenetur vel ipsa. Qui dolorem qui cons'),
('80','Doloremque illo et aperiam quas consequatur ipsam. Molestias modi impedit occaecati dolor labore. Voluptas qui rerum voluptatibus soluta.'),
('91','Doloribus et modi nemo cumque. Earum sed a modi tempora. Est quas architecto voluptatum cumque iste assumenda culpa.'),
('93','Dolorum rem ratione doloremque sit sunt repudiandae. Ipsum itaque ex sunt est. Aut voluptatum praesentium perferendis. Non rem eligendi ut eos quae ra'),
('13','Ducimus consectetur ut sunt officiis est eum. Itaque accusantium sit sapiente sed sint perferendis. Quis aut qui reiciendis occaecati magnam culpa. Do'),
('51','Ea ea tenetur ut aut sed. Reprehenderit ducimus distinctio culpa et. Architecto esse alias rerum ut.'),
('25','Eaque modi maiores natus. Et fugit et velit id iure.'),
('2','Eligendi est quisquam suscipit quod. Sed blanditiis et eum adipisci quibusdam aut. Autem assumenda minima aliquam autem. Sapiente consequatur praesent'),
('74','Enim odio nostrum modi possimus modi ipsum. Rerum eligendi beatae quia expedita. A optio ut est aliquam ad harum. Eligendi aliquid recusandae dignissi'),
('76','Error porro provident nulla. Non nisi molestiae aut eligendi odit sunt. In maiores sequi dolorum pariatur est porro. Neque facilis laudantium quod asp'),
('84','Esse id illum sit. Maiores voluptatem eligendi fugiat exercitationem facilis officiis. Ipsam perferendis distinctio ratione est totam. Sed sequi exped'),
('68','Est blanditiis officiis voluptatem possimus aperiam voluptatem. Quisquam laborum facere voluptate porro. Officia voluptas eveniet est est.'),
('53','Est earum sunt quibusdam atque rerum. Ut vitae magni quis quae cupiditate optio provident. Tempore rem hic eligendi et repellat vero maiores praesenti'),
('39','Est omnis non tempora. Cumque cumque ipsa recusandae ipsum itaque. Et quia sint qui eum vero ad modi aspernatur. Magnam harum ut corporis repellendus '),
('64','Et cum inventore et sequi. Ea exercitationem commodi nobis deleniti suscipit praesentium eius. Quidem doloribus ipsa minus et. Alias labore suscipit a'),
('45','Et earum libero repellat veritatis qui vel occaecati. Sed magnam praesentium non odit modi. Ab ratione iste et debitis ratione. Consequatur similique '),
('56','Et ex dolores quo qui in eos. Quaerat perspiciatis expedita in ducimus reiciendis. Et iure quis distinctio autem nihil quo qui nesciunt. Voluptates co'),
('3','Et omnis et magni. Vitae accusamus ab consequatur dolor. Voluptas culpa est inventore blanditiis. Non consequatur et perspiciatis quis est.'),
('87','Et ut ab esse quibusdam facere. Odio repudiandae pariatur rem.'),
('72','Et vel non ipsam quae iure. Rerum quae quisquam non. Commodi voluptatibus laborum optio praesentium autem.'),
('90','Eveniet earum itaque est ducimus atque unde odio ea. Voluptatem qui vel praesentium magni omnis. Ut exercitationem corrupti quidem.'),
('24','Excepturi et qui assumenda ea quas. Provident ullam iste necessitatibus ut temporibus soluta et. Eos odit minus et suscipit quaerat.'),
('6','Excepturi saepe quam in labore omnis omnis tempora. Nulla consequatur perferendis qui voluptatem illum corporis non. Commodi facere aperiam animi ut n'),
('69','Expedita quae iste voluptas accusamus. Nesciunt harum est quia ducimus. Tenetur ullam omnis maiores explicabo consequatur.'),
('60','Illum consectetur in iure quas. Animi maiores ipsam autem dolorem autem. Corrupti esse alias et aut.'),
('16','Ipsa numquam voluptatem praesentium odit consequatur omnis. Non pariatur consequatur tenetur. Qui amet veniam neque nam doloribus perspiciatis. Enim e'),
('78','Iure a vel et doloribus et. Odit aut totam possimus ut perferendis tempore. Sed dolore nemo consequatur autem maiores ut.'),
('30','Iure vero autem libero et quas. Aut voluptas tempore deleniti quisquam cum et minus. Est provident eius sunt. Quisquam sed aut repellendus accusantium'),
('92','Labore saepe voluptas dolore dolores in soluta. Temporibus magni at dolor nesciunt soluta maxime dolores. Reprehenderit amet quod et et.'),
('34','Laboriosam quasi qui eligendi consequatur. Et cum minus assumenda minus.\nVoluptatem aliquam quia ea. Et repellat ut quis quia praesentium. Et qui iust'),
('62','Magni dolores ut reiciendis voluptatibus. Sed voluptatem aut rem fuga blanditiis quibusdam eum.'),
('35','Maiores voluptatibus ipsa vero et. Et qui culpa quidem possimus. Aliquid aliquam ipsam voluptas sed. Eius dicta sapiente voluptatem enim saepe et sapi'),
('96','Maxime voluptate quis ut enim quia assumenda aut. Consequuntur cumque non delectus nulla magni illum voluptates. Omnis est esse perferendis qui. Sit q'),
('32','Molestiae et non voluptate dolores rerum commodi repellat. Nobis quo qui itaque in et. Eius et est animi dolor dolore.'),
('21','Natus modi voluptates aut quasi. Ducimus ex debitis repellat officiis et. Autem ut deserunt et sequi facilis nobis.'),
('26','Nihil facilis sunt deserunt hic voluptates corrupti a. Quaerat quis vel qui.'),
('5','Nihil optio qui saepe id. Sed aut magni eum. Voluptatem exercitationem doloremque recusandae deserunt rem. Qui amet sed quia voluptatibus iusto. Aut n'),
('11','Nobis ut cupiditate sapiente eum laboriosam. Rerum occaecati nulla iure repellat eum provident ut totam. Et et eius excepturi quam numquam et. Enim di'),
('36','Non qui modi non velit fuga error laudantium aut. Eum nesciunt voluptatem exercitationem minus reiciendis distinctio. Perferendis dolor nulla corporis'),
('42','Nostrum eius et saepe minus voluptate. Itaque repellendus sunt maiores ducimus sequi. Soluta est sunt inventore et alias voluptas. Expedita nam dolore'),
('99','Nulla quasi sed autem ex. Magnam autem architecto eum magnam. Voluptatem hic quas quo cupiditate voluptates sequi optio perspiciatis.'),
('49','Nulla unde expedita cumque optio qui illum voluptatem. Eum quia perferendis consequatur facere ut a blanditiis.'),
('46','Numquam ipsum tempora incidunt et. Vero vitae cum sunt quod qui in. Molestiae et sint saepe officia maxime odio molestias magnam. Eos rerum voluptatem'),
('55','Odio qui et id voluptatem adipisci numquam consequatur vel. Nihil voluptatum iure consectetur. Ut explicabo eos nihil nobis quaerat quam tenetur.'),
('7','Odit animi maiores vitae doloribus. Eum a molestiae consequatur. Repudiandae maxime similique aut.'),
('66','Officiis qui et illum quidem laboriosam assumenda qui. Iusto eum sed quia eum. Eum voluptatem vel aspernatur distinctio facere perspiciatis. Commodi p'),
('67','Officiis soluta dolorem dolor esse ipsam unde. Consequatur illum quis impedit soluta est doloribus. Dolorem veritatis numquam asperiores vitae. Nisi a'),
('95','Perspiciatis animi quia esse beatae incidunt. Incidunt autem et ipsa. Repudiandae nesciunt mollitia sed exercitationem et dolorum libero. Dolorem sit '),
('37','Possimus ut sint quidem sint. Molestias at cupiditate nam qui omnis rerum esse. Aspernatur natus numquam autem nostrum.'),
('22','Provident vel id eius maxime. Est quis et assumenda dolores. Facilis exercitationem quae occaecati ipsum.'),
('73','Quam culpa rerum consequatur fuga voluptate officia. Sequi et autem itaque sit sunt est occaecati. Quo quia id qui quas. Mollitia quod eaque ratione v'),
('50','Qui qui sed quam commodi consequatur ducimus. Velit id magni veritatis incidunt ex sint. Quo et iste voluptatem.'),
('94','Qui ut eaque ipsa quia necessitatibus ex. A ut cumque debitis aut sequi animi veniam. Ipsa sunt perferendis at ea natus perspiciatis.'),
('70','Qui velit et odio vel blanditiis. Cupiditate quo totam eum perspiciatis rem odio error. A sit voluptate at ducimus debitis pariatur.'),
('1','Quibusdam perspiciatis inventore odit ipsa voluptatibus. Nesciunt aut fuga enim rerum veritatis sunt. Quibusdam amet officia vero officiis. Dignissimo'),
('27','Quidem necessitatibus quam nam autem dolore dolorem ratione. Corrupti beatae voluptate provident. Ullam dignissimos dolores nobis quia exercitationem.'),
('48','Quisquam nihil hic ipsa id. Qui a voluptas nisi nobis rerum. Molestias sint odit aut aut et quasi.'),
('29','Repellendus repellat eos enim optio. Doloribus inventore ratione quos sit quia voluptatem. Dolorem amet quod maxime ut quam. Eos deserunt illo labore.'),
('98','Reprehenderit vero excepturi qui expedita perferendis vitae repellat. Sint ratione cupiditate quis id incidunt in voluptatem.'),
('71','Repudiandae est a ullam necessitatibus. Earum consequatur veniam unde ea debitis quibusdam minus dolores. Occaecati et dolor in explicabo omnis. Porro'),
('54','Rerum delectus fuga temporibus et in. Qui quo et tempore qui laborum dignissimos eos eaque. Qui dolor non assumenda beatae.'),
('47','Sapiente ut atque laudantium aut nihil. Architecto a qui odit non sit nam. Totam iure rerum rerum voluptate consectetur et.'),
('59','Sed facere accusamus praesentium ut. Et et quo fugiat magni qui sunt amet eos. Nostrum voluptas assumenda quam enim. Molestias aspernatur nihil reicie'),
('23','Sed suscipit quia nihil sapiente id. Voluptas est deleniti eum architecto hic. Et praesentium officia rerum rerum sunt aperiam eveniet.'),
('83','Sit temporibus quidem optio deleniti. Laudantium expedita reprehenderit natus quidem. Officia aut qui ad possimus consequatur sint aut et. Est blandit'),
('61','Sunt asperiores in sit omnis ab neque. Earum deleniti minima voluptates sed.\nPossimus deserunt minima molestiae. Et hic illo et. Quam tempore totam ei'),
('31','Sunt sed aliquam dicta odio. Dolores quos nesciunt error libero eaque doloremque accusamus.\nSint atque iste velit sit et. Cum et fugiat nisi rem velit'),
('82','Suscipit aliquam facere expedita nesciunt est. Qui porro iure omnis amet qui.'),
('65','Tempora aut sunt magni vel error. Aliquid numquam possimus et sint doloribus. Debitis nesciunt recusandae odit quaerat et laudantium. Ad fugiat volupt'),
('8','Tempore perspiciatis omnis non ut cum. Est exercitationem odit debitis praesentium maiores. Error nesciunt qui facilis et cumque aut quo. Deleniti est'),
('88','Tempore quia et voluptatem occaecati. Molestiae autem exercitationem est non voluptatem error in. Impedit voluptatem aut voluptatem quia nulla aut.'),
('100','Temporibus molestias dolore dolores quibusdam sunt. Est repudiandae ipsa facilis. Reiciendis est iste illum nostrum vel nemo iusto dignissimos.'),
('97','Tenetur at magni accusantium praesentium iste. Rem mollitia fugit quidem expedita ipsam est eius. Reprehenderit nulla nostrum quis debitis dolorem ips'),
('79','Ut tempore quas consequuntur ipsum tempore. Illo aliquid et est suscipit. Qui ipsum velit itaque consectetur doloribus. Cupiditate neque ipsam cupidit'),
('41','Velit ad dolor dignissimos neque illum. Vero consequatur nulla asperiores expedita perferendis.'),
('81','Veritatis odio assumenda veritatis culpa unde quia sunt. Ut ut qui id voluptate a. Unde fugit voluptatum consequatur cum sed.'),
('38','Veritatis perferendis atque magnam quidem sed. Velit sint quo minus hic nihil. Dolorem minima facere amet reprehenderit.'),
('86','Vitae quos suscipit ex. Doloribus omnis magni autem nesciunt. A amet voluptas deserunt.'),
('44','Voluptas id enim est. Eum rerum dolorem sint qui. Vitae debitis reiciendis quod veritatis aut. Amet voluptatem iste quisquam est neque.'),
('89','Voluptates tenetur iusto debitis officia. Dolor possimus doloremque ad sint sequi. Quibusdam alias tempore illo ratione occaecati ut.'),
('57','Voluptatibus voluptates ut voluptate eos recusandae magni. Sit eos qui soluta tempora esse quis.'),
('33','Voluptatum est aut dolore qui dolorem esse. Reprehenderit et quo consequuntur voluptatem. Ea sit aut ab repellat voluptatem architecto laboriosam.'); 


DROP TABLE IF EXISTS users_communities;
CREATE TABLE users_communities (
  user_id bigint(20) unsigned NOT NULL,
  community_id bigint(20) unsigned NOT NULL,
  is_admin tinyint(1) DEFAULT 0,
  PRIMARY KEY (user_id,community_id),
  KEY community_id (community_id),
  CONSTRAINT users_communities_ibfk_1 FOREIGN KEY (user_id) REFERENCES users (id),
  CONSTRAINT users_communities_ibfk_2 FOREIGN KEY (community_id) REFERENCES communities (id)
) ENGINE=InnoDB DEFAULT CHARSET=utf8 COLLATE=utf8_unicode_ci;

INSERT INTO users_communities VALUES ('3','7','1'),
('7','18','0'),
('13','17','0'),
('17','6','0'),
('19','10','0'),
('25','12','0'),
('28','2','1'),
('30','1','0'),
('44','8','0'),
('47','5','1'),
('49','15','1'),
('50','19','0'),
('52','4','0'),
('55','9','1'),
('74','13','1'),
('81','11','0'),
('83','3','0'),
('85','16','0'),
('88','14','0'),
('88','20','1'); 

DROP TABLE IF EXISTS posts;
CREATE TABLE posts (
  id bigint(20) unsigned NOT NULL AUTO_INCREMENT,
  user_id bigint(20) unsigned NOT NULL,
  body text COLLATE utf8_unicode_ci DEFAULT NULL,
  metadata longtext CHARACTER SET utf8mb4 COLLATE utf8mb4_bin DEFAULT NULL CHECK (json_valid(metadata)),
  created_at datetime DEFAULT current_timestamp(),
  updated_at datetime DEFAULT current_timestamp() ON UPDATE current_timestamp(),
  PRIMARY KEY (id),
  KEY user_id (user_id),
  CONSTRAINT posts_ibfk_1 FOREIGN KEY (user_id) REFERENCES users (id)
) ENGINE=InnoDB AUTO_INCREMENT=21 DEFAULT CHARSET=utf8 COLLATE=utf8_unicode_ci;

INSERT INTO posts VALUES ('1','88','Sint temporibus in aut dolor ad. Dolores et corrupti dicta porro. Aperiam facere sunt consectetur dolor adipisci porro beatae.',NULL,'2006-04-21 19:48:56','1971-04-30 14:21:02'),
('2','7','Explicabo est explicabo velit. Velit voluptatibus qui provident. Non qui magnam molestiae provident iure maxime non. At quis molestias consequatur rerum aperiam qui.',NULL,'1998-03-27 08:46:03','1979-06-10 03:06:14'),
('3','93','Culpa quaerat et ut ut deleniti maxime vero voluptatem. Quod rerum atque odit debitis architecto totam ad. Qui magnam tenetur et consequatur. Perferendis aspernatur qui doloremque dolor est officia.',NULL,'1983-01-20 01:36:00','1971-11-25 04:42:10'),
('4','78','Dolor eaque quo eos eaque expedita. Culpa eius consequatur beatae et. Molestias quo veritatis quam voluptatem nihil dolores.',NULL,'2015-08-15 19:44:25','1994-10-06 19:57:14'),
('5','55','Omnis cupiditate sunt reiciendis suscipit earum illum et. Suscipit et eos iste ea qui nisi distinctio. Vel et ipsam neque voluptas ut.',NULL,'2011-03-31 22:41:00','1985-06-13 21:12:47'),
('6','90','Ut neque tempora nisi ea sint aut dolorum. Sed quisquam aut rerum.',NULL,'2006-04-01 22:13:25','2002-08-25 15:13:16'),
('7','64','Rerum est eum tempore. Eveniet magnam qui unde. Quibusdam iure sunt dolores assumenda.',NULL,'1976-03-31 12:43:43','2010-07-04 02:08:12'),
('8','96','Et quis repudiandae nemo cupiditate. Aspernatur odit dignissimos dignissimos. Distinctio et adipisci veniam rerum consectetur id perferendis.',NULL,'1993-09-21 21:03:43','1970-01-01 00:46:06'),
('9','94','Quae aperiam similique et quae et. Non totam suscipit expedita explicabo et non non. Aut nostrum voluptatum est nesciunt voluptatem. Iusto voluptatibus hic est consequatur cupiditate eligendi et.',NULL,'2001-07-03 22:59:00','2014-08-21 16:45:47'),
('10','93','Dolor deleniti quia rerum beatae non. Fugit totam omnis itaque repellendus consequatur asperiores nostrum assumenda. Laudantium voluptatem sit ut. Dignissimos quae ut et ipsum id dolorem quia.',NULL,'2000-09-21 12:28:39','1998-03-03 20:31:31'),
('11','90','Sit nemo aut ut facere ullam eius. Iste et dolor occaecati facere quam. Et illum ducimus dignissimos numquam impedit. Quia magnam amet tenetur labore et.',NULL,'1978-01-27 22:24:35','2001-04-02 10:28:57'),
('12','36','Aut at sapiente voluptatum aliquid illo. Nisi nam eveniet suscipit tempora esse sint.',NULL,'1993-07-16 15:09:40','1991-05-25 22:53:40'),
('13','24','Repellat consequatur molestias voluptatibus. Qui sed eligendi neque et eos vel. Quibusdam illum qui eligendi doloremque.',NULL,'2016-09-21 12:40:08','1988-11-05 05:22:36'),
('14','41','Accusantium aut et iure illo. Laboriosam non consectetur qui beatae animi et facilis. Laborum dolores sint vel sint.',NULL,'1977-06-30 19:18:41','1998-12-14 18:44:58'),
('15','32','A quas autem et perferendis eum. Adipisci cum impedit aut nam inventore vel voluptatibus.',NULL,'2014-01-12 07:25:11','2003-07-01 14:58:54'),
('16','9','Magni qui necessitatibus ipsum doloremque nihil. Cum molestias illo libero iusto molestiae. Omnis rerum aut vel dolor quam iste voluptatum.',NULL,'2007-10-18 05:01:16','1978-12-05 01:51:25'),
('17','73','Provident neque sint voluptate ducimus numquam occaecati rem saepe. Labore suscipit aliquam ipsum aliquid minus. Repellat et dignissimos rerum maxime quibusdam autem.',NULL,'1970-04-26 21:08:34','1982-09-20 12:48:17'),
('18','98','Nam sit ut fuga placeat cumque. Laudantium explicabo eos molestias et voluptas a. Molestias est cum in perferendis ut. Qui nisi similique ut ipsa.',NULL,'2009-01-05 04:42:24','1970-07-29 05:50:13'),
('19','93','Non unde iste porro tempore magnam quia. Enim soluta est officia ipsa. Sunt occaecati nihil totam eaque sint aut expedita.',NULL,'1984-12-23 01:13:23','1990-06-14 07:45:16'),
('20','62','Omnis totam corporis voluptate et. Nihil quia sed et enim fuga. Velit cupiditate et molestiae. Itaque iusto odit excepturi est nihil corporis eum.',NULL,'2001-11-17 07:21:31','2018-06-18 23:20:29'); 



DROP TABLE IF EXISTS comments;
CREATE TABLE comments (
  id bigint(20) unsigned NOT NULL AUTO_INCREMENT,
  user_id bigint(20) unsigned NOT NULL,
  post_id bigint(20) unsigned NOT NULL,
  body text COLLATE utf8_unicode_ci DEFAULT NULL,
  created_at datetime DEFAULT current_timestamp(),
  updated_at datetime DEFAULT current_timestamp() ON UPDATE current_timestamp(),
  PRIMARY KEY (id),
  KEY user_id (user_id),
  KEY post_id (post_id),
  CONSTRAINT comments_ibfk_1 FOREIGN KEY (user_id) REFERENCES users (id),
  CONSTRAINT comments_ibfk_2 FOREIGN KEY (post_id) REFERENCES posts (id)
) ENGINE=InnoDB AUTO_INCREMENT=101 DEFAULT CHARSET=utf8 COLLATE=utf8_unicode_ci;

INSERT INTO comments VALUES ('1','82','7','Voluptas vitae totam illo beatae commodi omnis nobis. Voluptatem sed enim impedit error debitis commodi et. Enim labore beatae est vero. Sint dignissimos aut totam.','1992-06-29 03:24:14','2000-07-24 13:10:04'),
('2','6','19','Tempore molestias voluptatem rerum soluta quo. Sapiente at a quos voluptas omnis iusto. Dolores excepturi est praesentium non.','2017-08-30 15:42:21','2004-02-20 15:22:22'),
('3','35','16','Reiciendis omnis est eveniet iusto velit quia sunt. Ullam ea quod sit aut. Officia est aut saepe voluptas ut illum labore. Dolorum iusto ut qui repudiandae quibusdam voluptatum aut quisquam. Dolor nobis quia aliquam laborum possimus ut aut sit.','2002-08-03 23:29:26','1978-12-24 02:27:11'),
('4','2','17','Sint quos et et quaerat iste dolorum. Facilis voluptatem rem magni iure et provident. Assumenda vel dolor eos voluptates quasi ex dolorem provident. Ex temporibus laboriosam aut dolor occaecati laboriosam et sapiente.','1992-06-27 20:55:00','1974-06-03 22:48:41'),
('5','81','12','Quam omnis repudiandae nesciunt illo. Et qui omnis qui dolores sapiente nemo. Fugit neque autem rem earum.','1980-11-27 21:17:00','2003-08-25 11:08:00'),
('6','63','7','Dicta in id error vel modi qui. In sit qui explicabo voluptatem illo. Et eveniet illum vel aspernatur laboriosam et autem.','2020-07-22 16:40:27','1993-11-22 15:14:53'),
('7','73','10','Est est officia culpa atque rerum voluptatibus soluta natus. Quisquam id quidem molestiae nihil non perferendis. Et quibusdam et est et rerum sit soluta pariatur. Voluptas blanditiis ratione officiis voluptatem eos quibusdam.','1998-05-03 03:25:51','1988-02-27 15:01:13'),
('8','50','5','Qui possimus et sint accusantium corrupti vel est quia. Illo amet sint corporis voluptates consequatur voluptatem vero dolor. Voluptatem adipisci laboriosam dolores suscipit. Et rerum beatae architecto soluta distinctio corporis. Sint iure reiciendis laborum veniam consequatur.','2008-02-27 05:08:31','1997-03-05 04:51:47'),
('9','46','3','Itaque incidunt cupiditate vel enim molestiae. Dolor incidunt ut adipisci sit neque dolor. Veritatis laborum qui et et quos. Vel incidunt ad veritatis reiciendis similique omnis similique quis.','2009-04-22 01:18:35','2019-01-08 03:19:12'),
('10','41','7','Quam nemo est magnam necessitatibus. Et eligendi soluta ducimus alias sunt ex provident. Necessitatibus qui repellendus dolor. Quia sunt qui fuga non.','2009-12-10 12:19:45','1974-06-22 02:43:52'),
('11','3','15','Cum dignissimos voluptas quisquam laboriosam aut iste culpa. Vitae quod perferendis et labore. Iste accusantium sit perferendis illum voluptatem at. Aut tempora sit architecto consequatur consectetur repudiandae.','2015-11-22 07:16:56','2009-02-14 08:09:45'),
('12','27','15','Et repellendus necessitatibus illo similique odio voluptatibus omnis est. Necessitatibus numquam ad omnis error dicta. Quia consequatur vel accusamus voluptas. Consequatur qui quibusdam cupiditate rerum rem quod.','1988-08-20 09:18:14','2014-05-27 16:42:38'),
('13','99','15','Illum ut laudantium ratione explicabo omnis magni similique et. Voluptate odit animi atque magnam. Eligendi ab ut eaque neque assumenda. Sunt tenetur recusandae voluptatem illum.','1988-06-11 05:34:27','1990-08-01 10:43:30'),
('14','82','16','Nisi quis soluta harum id architecto. Ad nostrum est quae illo id. Architecto consequuntur aut earum deleniti voluptas. Sunt aspernatur id qui voluptatem quae vitae reprehenderit eaque.','2002-03-29 18:25:48','2010-06-11 11:26:40'),
('15','9','8','Quia iste nisi quia atque. Eum error consequatur dolor sint. Veritatis dicta est libero repellat fugit.','1994-09-22 08:43:01','1994-03-21 19:29:28'),
('16','54','19','Nisi architecto ab doloremque. Tempore enim consequatur fugiat quia ut ad enim impedit. Modi iure consequatur voluptas eius vitae minima iste error. Dolorem laudantium ut non dolores perferendis expedita nisi.','2015-08-15 17:41:54','2011-07-17 05:28:48'),
('17','75','12','Eum rerum minima expedita est. Laborum est libero molestias totam aut pariatur veritatis. Laboriosam temporibus est earum accusamus.','1994-05-05 20:19:45','1998-06-03 01:18:30'),
('18','82','2','Velit adipisci nihil nisi sint qui. Dicta perferendis minima inventore minus voluptatibus. Esse id aperiam mollitia exercitationem ullam ut asperiores.','1995-12-24 02:33:22','2012-11-02 09:04:30'),
('19','38','17','Eum accusantium quo qui doloribus est at qui. Aut voluptatum dolorem distinctio autem iure dicta earum. Voluptatibus accusamus beatae et omnis voluptatibus at id dolorem.','1988-03-12 06:24:23','2013-04-28 12:55:42'),
('20','91','4','Impedit id doloremque nihil. Sint voluptas consequatur quia dolor est veritatis. Et maiores dolor voluptatem aut dolorem. Magni autem nulla nisi maxime aut. Rerum dolorem aut qui natus.','1983-03-06 16:31:51','2011-06-30 04:15:03'),
('21','39','11','Sit aut et quos ut. Expedita neque quis et sunt. Esse aliquam et deleniti.','2007-11-10 01:05:35','1970-12-08 19:37:51'),
('22','49','3','Et molestias modi nobis qui corrupti reprehenderit aut. Voluptatem in maxime qui dolorem voluptatem. Eligendi ut quos expedita nulla aspernatur voluptatem maxime itaque.','1978-07-26 22:52:07','2004-06-27 18:43:45'),
('23','1','20','Amet sint aspernatur animi fugiat nihil autem alias. Nihil et velit debitis et vel enim. Voluptatem et id non ea. Eius iure error quia et rerum atque accusamus.','1996-10-12 01:53:08','2009-07-01 19:01:25'),
('24','36','10','Maiores voluptatem mollitia iste beatae et vitae. Hic minima et provident maiores sapiente illum voluptas. Blanditiis expedita vel dolorum commodi.','1997-04-02 12:04:33','2018-11-02 17:00:41'),
('25','12','16','Fugit consequuntur qui et dicta quia quia. Sed dolorum similique delectus dignissimos labore sed. Velit corporis ut ullam aspernatur ea ullam deserunt. Asperiores in illum enim maxime atque.','1998-11-30 10:12:34','1992-11-04 13:25:34'),
('26','77','3','Odio ab voluptatem exercitationem eius culpa aperiam sed nisi. Deserunt est explicabo est praesentium. Aut repellendus quis expedita earum et dolore qui aut.','1984-04-10 11:03:33','1988-08-12 11:51:07'),
('27','50','1','Similique mollitia ab itaque eum mollitia voluptatem quisquam pariatur. Reiciendis dolorem harum est inventore ut maiores. Sapiente qui voluptas aut non est.','2018-05-14 14:07:01','1986-04-22 00:38:52'),
('28','88','10','Deserunt quia consequatur molestiae. Sit laborum alias inventore ratione.','2004-06-19 08:16:25','2014-12-18 14:22:29'),
('29','75','14','Ex voluptate tenetur reiciendis et modi aut facere voluptatem. Numquam officia nisi est beatae consequatur nemo. Minima mollitia atque dolor aut.','2015-03-06 11:48:03','1976-03-03 02:32:25'),
('30','28','17','In in asperiores quam. Possimus culpa atque nihil. Nostrum nihil exercitationem incidunt aut expedita voluptatibus. Sit eos sit numquam minus soluta ratione et.','1983-07-26 08:03:38','1988-04-05 21:36:03'),
('31','9','17','Omnis vitae maxime veniam eius aut accusamus voluptatem. Culpa nisi ad suscipit doloribus praesentium. Aliquam blanditiis consequatur unde occaecati labore est expedita.','2003-12-27 03:12:19','1994-04-10 20:19:13'),
('32','74','17','Enim laborum consequuntur veniam minus adipisci eveniet et qui. Sequi molestiae veritatis nesciunt porro non dicta. Qui dignissimos facere sed cum. Consequatur voluptatem autem commodi animi molestias qui. Quod repudiandae tenetur veniam dolorem et.','1977-04-15 06:18:45','2012-12-18 20:37:07'),
('33','40','12','Similique consectetur tempore eos numquam. Id optio soluta iure et rerum tempora. Expedita vel vel vitae laudantium.','2016-12-16 22:46:06','1975-09-18 09:20:55'),
('34','93','16','Quis eos est dicta atque velit. Dolorum minus et doloribus.','2010-09-17 15:10:42','1971-03-15 14:24:57'),
('35','39','17','Eius rem error voluptatem voluptas vel odit rerum. Voluptas dolores ut possimus modi a.','1970-01-06 00:28:37','1982-05-12 08:23:38'),
('36','96','16','Adipisci architecto voluptas aperiam. Ut aperiam illum vitae omnis. Voluptatem quis tenetur minima harum. Quae necessitatibus placeat labore.','1971-02-02 08:26:33','1992-10-29 18:30:47'),
('37','36','9','Adipisci ad et natus aperiam autem aut. Sint quidem voluptas perspiciatis corporis quia ipsam similique. Totam ea et minima unde et nihil. Voluptate quia placeat hic.','1971-01-25 09:11:29','2011-01-19 08:37:19'),
('38','88','8','Officiis est quas quod et. Odit quas voluptas consequatur inventore magni ullam vero. Illum praesentium voluptatum quibusdam in voluptas nobis. Error consectetur aliquam est nobis occaecati.','1993-10-16 04:42:07','1977-06-27 22:31:24'),
('39','42','5','Voluptates aut quibusdam harum et. Praesentium ullam aliquid facere sed veritatis. Modi id facere distinctio nobis quod necessitatibus in assumenda. Rerum ducimus provident deserunt laboriosam totam.','1995-06-30 09:35:43','1997-09-18 11:47:03'),
('40','82','11','Et rerum ipsum aut omnis fugit sed. Voluptas eos officiis at deserunt ut dolores sed ut. Et exercitationem quis sit animi facere.','2007-07-16 12:05:58','1974-12-24 10:18:38'),
('41','99','12','Quo suscipit architecto omnis. Iure voluptatum molestias provident provident voluptas asperiores. Dolorum est saepe aut. Molestiae veniam quibusdam quo itaque.','2015-09-16 22:43:06','1973-04-05 15:43:08'),
('42','67','10','Beatae consequatur eius rerum deleniti voluptatem maiores. Dolores consequatur aliquam aut ipsum autem qui. Provident labore molestiae doloribus doloremque doloribus et id.','1996-01-17 11:52:06','1991-06-23 08:37:10'),
('43','62','11','Facilis magni tempore asperiores fuga modi saepe. Consequatur quo quam necessitatibus quia quas quam dignissimos. Quis eum debitis voluptatem consectetur magnam exercitationem et. Rerum qui sit soluta impedit.','1983-06-30 22:31:12','2003-03-04 03:41:35'),
('44','96','8','Fuga reprehenderit delectus labore omnis fugit omnis omnis. Quasi sint dolorem dolorum nihil sed sequi doloremque. Explicabo consequatur qui consequatur molestiae nihil culpa similique.','2003-05-27 03:17:10','2006-04-23 12:08:30'),
('45','24','5','Aut deleniti ipsa aperiam earum minima earum. Amet doloremque inventore doloribus. Dolorem earum praesentium quaerat doloribus.','1983-04-15 03:52:30','2004-01-18 13:41:24'),
('46','20','7','Natus modi architecto voluptatem magnam exercitationem est officiis. Ipsa omnis autem asperiores consequatur tempore repellat voluptatem. Consectetur dolores ipsum qui et adipisci repellendus voluptatum.','2006-04-19 02:20:40','2014-07-23 17:19:36'),
('47','4','19','Exercitationem illo recusandae ut placeat. Molestiae dolorem quod saepe fugiat. Incidunt labore vel delectus maiores voluptatem.','2009-12-06 00:49:21','1981-09-22 10:38:01'),
('48','16','9','Voluptas sed qui aut ex nobis in. Nobis saepe ut et ullam animi temporibus. Corrupti corporis sunt est hic sint voluptate quos.','2007-11-28 08:22:33','2001-03-25 07:36:00'),
('49','49','2','Iste nisi quis et error atque numquam. Dolorem neque laborum enim consequuntur exercitationem illum. Qui doloremque molestias unde quia iusto sed.','2007-01-20 02:32:33','2018-02-13 10:21:23'),
('50','21','18','Accusamus nemo et illo velit nulla aut minima expedita. Dolorem natus asperiores ut. Consequatur omnis ex est qui. Totam et voluptatem eligendi reiciendis voluptatem dolorum tempore.','1988-04-01 12:30:43','2001-06-24 06:19:12'),
('51','90','4','Perferendis natus aut voluptatem neque nobis et debitis. Nulla deserunt voluptatem quia. Tenetur accusamus hic natus deleniti porro. Quasi quia voluptas quidem. Est maxime laudantium illum aspernatur impedit unde.','1971-03-17 08:15:12','2003-09-28 20:27:46'),
('52','63','6','Necessitatibus illum voluptatem sed temporibus natus molestiae. Quibusdam atque et ut qui eum tenetur. In non officia laudantium eligendi iusto aut voluptatem. Aliquid vel ut adipisci et veniam.','2005-10-10 06:00:33','2002-05-26 03:23:02'),
('53','61','11','Odio unde quasi unde esse vel libero. Est explicabo impedit voluptas qui. Autem non velit sunt non laborum. Dolores id enim doloribus dolore molestiae.','2008-03-24 22:18:31','2017-02-27 04:12:44'),
('54','62','1','Dolores quod sint voluptas distinctio exercitationem. Harum ea omnis minus consequuntur occaecati. Commodi rerum quod mollitia delectus. Aut quaerat qui aspernatur quae doloribus eaque aut. Mollitia occaecati voluptatum ut omnis aut quam accusantium.','1970-04-20 05:23:32','1974-07-31 21:59:41'),
('55','74','9','Rerum incidunt porro provident molestiae quia voluptatem. Et hic soluta consequatur sint ex ipsam ducimus. Sit amet similique cumque sapiente sit suscipit.','2015-01-10 01:08:11','1997-12-31 15:18:40'),
('56','55','15','Blanditiis occaecati rerum accusantium. Id distinctio assumenda ut. Et et earum error. Ab dolores temporibus nihil corporis ipsum nisi.','2010-09-30 01:46:45','2001-09-01 02:13:15'),
('57','2','5','Et voluptas et corporis et labore cum consectetur. Ipsum voluptatum in rem. Repellat accusamus suscipit ut eum.','2008-08-09 19:50:26','1985-10-04 19:13:07'),
('58','20','13','Eaque est voluptates provident aut. Autem voluptatem voluptatem dolor tempora quia.','2016-07-11 15:36:42','2011-04-15 08:15:40'),
('59','76','3','Sunt iusto magni aut dolore et. Quam eligendi deleniti accusantium eveniet ut impedit non. Odio cupiditate vitae et inventore consequuntur et animi eveniet. Autem pariatur id quibusdam vero nostrum aliquam pariatur.','2020-02-20 07:56:54','1984-07-12 15:42:24'),
('60','100','20','Odio debitis tenetur tempora hic. Dolorem error deserunt culpa. Dolorum numquam facere minima suscipit at similique magnam.','2020-05-29 04:42:22','1991-01-24 19:48:57'),
('61','38','4','Et incidunt eius veritatis sit alias labore corporis. Quisquam fugit fuga officia. Sed voluptas dolores sunt.','2012-04-25 14:04:17','1986-12-05 15:21:24'),
('62','31','9','Quas quo voluptatem est adipisci laboriosam. Nobis sit at dolorem. Quam quis placeat saepe nihil. Vero perspiciatis hic aliquid.','1988-02-03 07:23:16','1973-10-04 23:13:20'),
('63','12','10','Qui facere quas itaque quas sit et nulla. Quisquam cupiditate veniam dolores. Sapiente corporis perferendis dolorem delectus ea ea voluptatem. Doloribus facilis non et.','1976-09-03 11:56:57','2012-02-02 18:23:58'),
('64','84','12','Natus voluptatibus cum dignissimos fugiat explicabo. Sint quia quos quia rerum nostrum numquam. Molestiae beatae eligendi vitae.','1988-02-09 09:27:11','2002-01-30 18:57:40'),
('65','54','1','Animi libero quasi odit sint enim quidem magni. Asperiores excepturi nam ipsam odit provident vel. Non similique velit minima vel ex sapiente.','2016-09-11 16:35:03','2015-05-25 15:55:07'),
('66','46','9','Voluptatem eveniet asperiores distinctio quo omnis esse. Saepe voluptates qui molestiae quasi. Magnam a est voluptatibus odit.','2010-11-14 05:54:22','1984-11-11 23:24:08'),
('67','21','2','Dignissimos et ratione in modi ea nihil. Dolores quae repellat nemo eum et cum. Cupiditate est quia sint ea doloribus laboriosam.','2020-08-26 12:20:35','1971-07-22 05:46:30'),
('68','70','17','Repudiandae culpa dolorem nesciunt omnis tenetur. Quaerat illo dolorem vel impedit. Aut occaecati autem ipsa laborum cumque eligendi. Eos error ab perferendis dolor exercitationem.','1977-10-30 05:07:49','1979-08-28 07:40:13'),
('69','59','7','Assumenda laborum rem id aut explicabo dolorem. Impedit dolor officiis ut. Possimus rerum voluptatem voluptatem consequuntur dicta. Provident id iusto est aliquam nihil.','1990-02-11 07:33:10','2006-08-14 22:59:43'),
('70','83','7','Saepe nihil ad perspiciatis ipsa rerum. Qui modi enim corrupti et explicabo qui. Velit quisquam sunt ea inventore ut qui fuga. Ut qui nam saepe temporibus aut corrupti. Quas esse repudiandae atque sit vel.','2018-08-31 20:48:58','1980-05-28 01:05:36'),
('71','74','8','In iure error ab. Voluptatibus repellat et dolor. Voluptate ut asperiores tempore sunt esse exercitationem omnis aut. Error mollitia et vel. Et autem ut et sint quam adipisci.','1983-12-22 10:34:43','2004-05-22 01:04:44'),
('72','4','16','Est sit quia commodi ea amet aut facere. Dignissimos sit pariatur rem facilis architecto. Et facilis dolorem molestiae nihil est numquam. Ea voluptatem sapiente ut dignissimos voluptatem voluptate aliquid modi.','1997-05-15 15:06:30','1997-04-29 20:14:53'),
('73','58','5','Eius rem consequuntur nisi optio aut corrupti. Cupiditate et omnis error. Sequi non fugiat cumque sit hic sed adipisci. Itaque et nisi eos. Impedit omnis nemo nobis veniam cumque accusamus est.','2019-11-19 16:29:11','2014-11-05 19:29:49'),
('74','39','7','Quia molestiae aut amet repellat fugit. Impedit aut id quidem tenetur aut nihil neque. Autem eos iure vitae occaecati incidunt atque omnis vel.','2004-06-23 08:08:44','2016-04-07 00:57:10'),
('75','38','8','Et ea laudantium qui velit. Hic repudiandae nisi omnis nesciunt nihil maxime recusandae veritatis. Ea aliquid ipsum explicabo.','1994-02-16 17:50:13','1982-04-10 02:49:23'),
('76','31','15','Eum corrupti nesciunt excepturi nesciunt. Necessitatibus perferendis omnis dolorem facere et dolorem dolorem. Hic vel rerum dignissimos repudiandae.','1974-08-18 13:27:26','2013-08-09 20:53:41'),
('77','57','13','Laudantium rerum eius natus velit laboriosam quam id nostrum. Et quae delectus voluptas dolores animi laborum consequatur. Dolores ea excepturi consequatur quia quae sint. Magni dolor quod vitae quo dolorem vel ea.','1995-11-17 11:54:48','1989-04-21 22:44:27'),
('78','15','14','Animi eveniet odio ab nostrum. Explicabo ut rerum at maxime vitae dolores. Voluptatem voluptas quo atque ut nulla id exercitationem.','1993-01-22 08:49:07','1998-06-13 10:22:41'),
('79','8','20','Accusantium iure distinctio vero quae libero. Eius voluptates rerum molestiae quia. Natus voluptate iste in dolores eum eius nulla.','2010-08-17 17:51:17','1987-03-27 18:52:19'),
('80','29','13','Cumque odit consequatur aut aut. Delectus aut laudantium facere quas et suscipit. Deserunt qui cum eos. Fugit optio alias et et fugiat magni.','1971-03-23 12:52:09','1982-08-14 20:46:40'),
('81','3','15','Vitae ad et ea optio unde et minus. Deleniti rerum quo nihil voluptas ut qui et. Odit quibusdam aperiam asperiores ut ducimus facere vel iste. Praesentium aut fugit quae nulla.','1979-09-27 15:07:43','1973-07-30 19:19:18'),
('82','6','5','Qui odit consequuntur quaerat quidem ad nisi. Vel autem delectus velit pariatur. Qui officia recusandae quia quia nisi omnis placeat.','1995-08-04 23:53:30','1985-05-13 20:42:30'),
('83','83','15','Ut rem unde aspernatur ratione omnis. Autem sapiente excepturi iure in a excepturi. Nesciunt omnis voluptatem rerum neque quam.','2018-11-06 09:27:26','2012-02-09 20:18:56'),
('84','5','9','Et occaecati repellendus dolorum velit. Earum sunt laudantium beatae temporibus. Non nihil repellat omnis est ad expedita. Amet quis eum et consequatur.','2011-04-16 20:36:05','1979-01-02 10:56:56'),
('85','5','18','Non repellat laborum iure quia praesentium. Asperiores quos eos ipsum omnis. Consequatur adipisci rerum quia non accusantium corporis. Ut dolorem beatae in error voluptatem distinctio.','1980-03-27 17:34:37','1974-02-10 20:07:39'),
('86','75','16','Itaque voluptas neque quia officiis nostrum. Et atque error ut asperiores at. Incidunt sed aut sit quas numquam aspernatur praesentium iste.','1973-07-25 21:22:04','2002-10-28 07:18:18'),
('87','24','16','Omnis omnis ut omnis sint et esse qui. Rerum ut et eos sint suscipit ad inventore eaque. Aut fuga non qui. Consectetur quo velit veniam et.','1988-11-27 08:41:50','2019-02-17 17:36:35'),
('88','54','17','Similique cumque iste et qui. Ut officiis architecto qui error reiciendis vel fugit. Soluta ea reprehenderit rem nobis. Fugiat deleniti delectus voluptatem minima id facilis.','1982-09-16 07:20:18','1996-02-22 20:36:23'),
('89','2','19','Eum neque pariatur nulla dolore saepe deserunt sit. Qui nostrum cumque error accusamus. Hic ut temporibus error numquam quibusdam et. Autem iusto doloribus illum praesentium et.','1973-07-07 04:23:10','1996-10-29 02:22:55'),
('90','13','8','Qui dolor sapiente quos esse rem facilis quia. Officia ratione sequi praesentium ullam iste ab. Voluptatem ut harum quam laudantium et voluptas. Explicabo at quo voluptatibus enim reprehenderit. Omnis nesciunt voluptates at.','2006-08-21 02:47:45','2006-09-16 09:23:41'),
('91','30','9','Eligendi qui nam recusandae dolor distinctio ut id sed. Architecto rerum fuga necessitatibus nobis. Nam odit eum aut quas dolores tempore officia. Laudantium saepe ea ut quis omnis. Voluptates aut vero quia ut.','2016-04-17 09:11:11','1984-07-09 10:21:48'),
('92','14','18','Consequatur provident praesentium fuga a. Quis atque sit corporis soluta. Voluptatem aut eos molestiae quo sed. Esse commodi qui voluptas.','1976-06-12 07:59:02','2011-04-08 22:09:31'),
('93','6','6','Iure est error ratione. Aut voluptas aliquid natus et est.','1978-08-24 03:29:55','1989-04-14 02:04:15'),
('94','56','3','Aut minus fugiat pariatur et. Et distinctio doloribus aut voluptatibus culpa neque. Omnis nisi veniam inventore alias et a.','2017-01-18 19:01:58','1998-07-06 20:04:30'),
('95','27','17','Et esse quia praesentium sed voluptas. Ipsam in saepe ut in. Itaque architecto suscipit eaque animi.','2000-12-25 06:08:17','1995-11-15 05:17:29'),
('96','75','6','In quam odit similique illum exercitationem. Dolor illo quis harum recusandae assumenda. Accusantium qui voluptas accusamus totam quia commodi excepturi. Aut est dolores nostrum molestias.','1994-05-04 18:01:21','2011-12-08 13:18:16'),
('97','59','17','Et nam in dolores eius necessitatibus. Dolores est esse sed ipsa cum voluptatem. Ipsum aut perspiciatis nulla eligendi quae consectetur.','1990-02-24 17:58:33','2014-08-08 16:23:13'),
('98','54','9','Cum molestias debitis explicabo itaque labore porro assumenda. Officia ad blanditiis et reprehenderit architecto sint. Qui explicabo et est ducimus sint in veritatis. Repellat nam enim ratione inventore voluptatum.','2019-12-24 11:24:35','2018-10-18 20:10:29'),
('99','55','12','Quisquam dolores accusantium qui corrupti sit saepe est natus. Molestiae adipisci omnis dolores ea adipisci incidunt. Non facere aut doloremque dolore quasi.','2009-01-03 06:57:00','2013-02-28 13:10:45'),
('100','84','12','Earum est dicta rem mollitia. Ducimus libero excepturi nihil officia eaque. Iusto aut ut a quos velit. Rerum tenetur dolor iusto consequatur.','2009-02-17 16:39:06','1973-03-07 22:32:51'); 

DROP TABLE IF EXISTS photos;
CREATE TABLE photos (
  id bigint(20) unsigned NOT NULL AUTO_INCREMENT,
  user_id bigint(20) unsigned NOT NULL,
  description text COLLATE utf8_unicode_ci DEFAULT NULL,
  filename varchar(250) COLLATE utf8_unicode_ci DEFAULT NULL,
  PRIMARY KEY (id),
  KEY user_id (user_id),
  CONSTRAINT photos_ibfk_1 FOREIGN KEY (user_id) REFERENCES users (id)
) ENGINE=InnoDB AUTO_INCREMENT=41 DEFAULT CHARSET=utf8 COLLATE=utf8_unicode_ci;

INSERT INTO photos VALUES ('1','1','at','/d5dc46a3b5772c03a658a635189a877b.jpg'),
('2','2','aut','/549b34e73b48f096528bf450740c2046.jpg'),
('3','3','nihil','/691a2209876e9615ed4b51ead970678e.jpg'),
('4','4','ut','/56f6001e4d90bb8c747409da1ceab69f.jpg'),
('5','5','in','/c10a198d927b7e9ed3d5ee663c06649e.jpg'),
('6','6','commodi','/7192a1afcc2e7e01ec19b140817cf9ba.jpg'),
('7','7','labore','/284dcef5ff8d8c9b615f338a5431db26.jpg'),
('8','8','dolores','/e482cfedb05b0b42f406c446f589cadd.jpg'),
('9','9','enim','/7a41497d5bb5af0bf18ad3a3e2f8ebaa.jpg'),
('10','10','aut','/9d86ef2630e5310d08d4388a600b93ff.jpg'),
('11','11','numquam','/c4b16435fd64ec3882b1c5b12f90418f.jpg'),
('12','12','modi','/eef2379aa0d3d2a982f0d2c1d289d88d.jpg'),
('13','13','hic','/947183f8227bff37241a5b088c2b705a.jpg'),
('14','14','impedit','/08cca55b6039e685382c1b42d9cfa2a1.jpg'),
('15','15','perferendis','/fa5051f3897888c8b47c7026bcda11ea.jpg'),
('16','16','ab','/cb41f177e901092770f60306a3f4bfbd.jpg'),
('17','17','ducimus','/78c3554a0951a536c9488ccd3d1301e8.jpg'),
('18','18','natus','/a54aa058011989bbd4cc4b64c85362f7.jpg'),
('19','19','doloremque','/0fab7e85c5f618833c6d5a1936df04d1.jpg'),
('20','20','accusantium','/ee62a99ff5a9790a59ad2cc309beb94e.jpg'),
('21','21','aliquam','/6baaafdfe320a4f50863c2fa142ec459.jpg'),
('22','22','sint','/ee50bf6882c2ac9e4c2b6a0b7e16e756.jpg'),
('23','23','et','/751e34a4c83c8eba2463b9359a7e2ff5.jpg'),
('24','24','est','/a59e38b1674632343bd4630ced1e7617.jpg'),
('25','25','nihil','/edcec6853ce6000593f96ebc1670d60d.jpg'),
('26','26','nemo','/8831b525023bd0f1ddd6264572f5879c.jpg'),
('27','27','dignissimos','/0cc0a36f9b87177d01536f0e296084ce.jpg'),
('28','28','est','/40878c9fbd3352f1d2558e4e365a0ced.jpg'),
('29','29','ipsum','/0be2785f16f29fdd4cf4a1a04f52c72f.jpg'),
('30','30','vitae','/27947ad420263684b67cabb5c4bae519.jpg'),
('31','31','illo','/a6bfee4259e103580215c1e3116fe9f6.jpg'),
('32','32','reiciendis','/688003f06dd47ed1ddaff985ea5efcfc.jpg'),
('33','33','quia','/f7ae1c01631158e01e9385ed95bc799c.jpg'),
('34','34','ab','/1002c6951a0897aafc6eb7014951e800.jpg'),
('35','35','est','/1fe509751ab17343775a0a478476f9e2.jpg'),
('36','36','ducimus','/b4c4c421da617ae5ca40c1eb40470226.jpg'),
('37','37','alias','/08d166704510bbaec085bd7ba2b3f2a0.jpg'),
('38','38','et','/192a07ccfdc275b852cab70f4ee4cbe5.jpg'),
('39','39','iusto','/a07bd73df6cae8127b06cf5ec5d7456a.jpg'),
('40','40','consequatur','/63d3dc985b33995d0cf5ba6fa058c7ad.jpg'); 


DROP TABLE IF EXISTS likes;
CREATE TABLE likes (
  initiator_user_id bigint(20) unsigned NOT NULL,
  target_user_id bigint(20) unsigned NOT NULL,
  status tinyint(1) DEFAULT NULL,
  requested_at datetime DEFAULT current_timestamp(),
  PRIMARY KEY (initiator_user_id,target_user_id),
  KEY target_user_id (target_user_id),
  CONSTRAINT likes_ibfk_1 FOREIGN KEY (initiator_user_id) REFERENCES users (id),
  CONSTRAINT likes_ibfk_2 FOREIGN KEY (target_user_id) REFERENCES users (id)
) ENGINE=InnoDB DEFAULT CHARSET=utf8 COLLATE=utf8_unicode_ci;

INSERT INTO likes VALUES ('1','93','0','1973-06-21 01:12:01'),
('2','24','0','2002-09-04 11:23:53'),
('3','95','0','1972-03-19 13:19:36'),
('4','59','0','1982-02-03 07:55:59'),
('5','58','0','1999-12-22 02:20:59'),
('5','63','0','1985-11-12 15:06:01'),
('6','20','0','1984-06-25 08:45:17'),
('6','21','0','2008-02-05 17:43:18'),
('7','60','0','1972-06-14 02:06:02'),
('7','64','0','1978-10-29 09:40:40'),
('7','76','0','1977-12-09 23:41:57'),
('8','15','0','1997-05-06 18:32:08'),
('11','94','0','1972-10-22 22:51:15'),
('14','40','0','2013-12-02 20:20:53'),
('15','15','0','1992-08-04 09:57:18'),
('15','54','0','1981-02-26 18:46:49'),
('17','62','0','1982-03-08 13:26:30'),
('20','56','0','1982-04-01 20:35:08'),
('20','70','0','1973-04-02 22:44:31'),
('22','32','0','2013-04-02 19:47:49'),
('22','53','0','1981-05-23 20:25:18'),
('22','92','0','1993-01-13 23:40:24'),
('23','6','0','1979-11-14 21:39:46'),
('23','22','0','2014-11-05 02:43:09'),
('24','9','0','2004-12-17 07:52:34'),
('25','2','0','2017-12-13 04:29:11'),
('25','15','0','2015-07-01 11:16:02'),
('25','79','0','1999-11-19 04:43:37'),
('27','71','0','2016-01-29 14:18:45'),
('27','94','0','2009-08-22 03:49:39'),
('31','24','0','1983-06-02 20:36:57'),
('31','62','0','1994-06-27 22:42:37'),
('32','74','0','1977-03-07 06:31:20'),
('32','79','0','1970-04-04 15:36:02'),
('33','76','0','2002-11-25 08:16:42'),
('34','59','0','2000-07-24 23:56:52'),
('36','45','0','2017-10-03 18:55:50'),
('37','25','0','1995-09-11 04:58:53'),
('39','64','0','1986-08-05 11:51:36'),
('39','92','0','1995-09-20 00:05:15'),
('40','60','0','2013-07-28 03:29:55'),
('40','87','0','2002-01-26 03:31:56'),
('41','52','0','2011-08-26 13:59:35'),
('43','22','0','2000-09-01 01:56:38'),
('43','84','0','2002-09-11 15:45:34'),
('44','87','0','2012-01-23 01:58:01'),
('46','39','0','1993-01-02 06:43:08'),
('49','41','0','2012-09-13 20:57:49'),
('50','9','0','1970-11-17 21:05:48'),
('50','36','0','1984-10-06 14:25:20'),
('51','61','0','1989-10-08 23:39:19'),
('53','1','0','1991-02-18 09:51:01'),
('53','83','0','2011-12-02 08:23:47'),
('54','25','0','2018-11-15 15:04:56'),
('55','90','0','1975-10-13 18:39:30'),
('56','33','0','2009-04-21 09:31:39'),
('56','58','0','1982-10-25 05:02:47'),
('56','63','0','2020-01-26 16:45:43'),
('60','19','0','2017-07-27 22:23:49'),
('60','51','0','1974-11-29 16:43:33'),
('61','42','0','2011-10-06 10:01:35'),
('62','30','0','2008-03-11 16:05:32'),
('62','98','0','1983-03-22 08:04:09'),
('64','42','0','1985-07-13 21:59:32'),
('65','88','0','1994-02-28 09:55:55'),
('66','28','0','1982-07-14 05:18:21'),
('67','35','0','2020-01-28 04:43:33'),
('67','56','0','1998-12-11 07:43:39'),
('69','84','0','2006-03-10 18:58:42'),
('72','45','0','2013-01-06 03:03:20'),
('73','48','0','1998-05-31 10:40:43'),
('75','87','0','2015-08-14 20:06:18'),
('78','9','0','2002-05-21 14:22:38'),
('78','39','0','1974-06-01 09:08:10'),
('78','73','0','1992-08-30 01:58:44'),
('78','89','0','1997-07-15 09:10:06'),
('79','52','0','1982-11-12 10:34:03'),
('80','52','0','1971-09-11 09:04:52'),
('81','65','0','1979-05-31 15:43:43'),
('81','88','0','2007-07-13 09:24:25'),
('84','69','0','1996-11-26 01:04:28'),
('85','32','0','2007-08-02 11:22:24'),
('85','56','0','1993-12-03 17:39:22'),
('87','62','0','1981-02-19 15:12:33'),
('87','79','0','1976-05-28 06:52:59'),
('88','43','0','1997-10-17 16:46:50'),
('88','87','0','1995-09-06 14:52:30'),
('89','100','0','2008-01-20 23:34:49'),
('90','47','0','1972-06-20 02:28:07'),
('90','64','0','1981-10-29 23:18:09'),
('90','94','0','1970-06-18 08:00:11'),
('92','92','0','1988-06-19 12:00:34'),
('94','45','0','2004-04-30 04:47:42'),
('94','71','0','1985-01-19 14:15:42'),
('97','18','0','1988-07-26 08:24:32'),
('97','57','0','1999-04-15 07:57:58'),
('98','38','0','1995-04-18 07:22:53'),
('98','85','0','2007-02-16 12:35:59'),
('99','56','0','1975-09-13 08:06:04'),
('100','29','0','1995-04-04 08:10:28'); 




